{"cameraMode":{"drawMode":0,"name":"Shaded","section":"Shading Mode"},"sceneLighting":false,"audioPlay":false,"sceneViewState":{"showFog":true,"showMaterialUpdate":false,"showSkybox":false,"showFlares":true,"showImageEffects":true,"showParticleSystems":true},"in2DMode":false,"pivot":{"x":-81.66470336914063,"y":109.04376220703125,"z":-15.644149780273438},"rotation":{"x":0.0169135220348835,"y":-0.9186217784881592,"z":0.04039501026272774,"w":0.3931104242801666},"size":192.3134002685547,"orthographic":false}