{"cameraMode":{"drawMode":0,"name":"Shaded","section":"Shading Mode"},"sceneLighting":true,"audioPlay":false,"sceneViewState":{"showFog":true,"showMaterialUpdate":false,"showSkybox":true,"showFlares":true,"showImageEffects":true,"showParticleSystems":true},"in2DMode":false,"pivot":{"x":-50.77481460571289,"y":21.311918258666993,"z":-16.739810943603517},"rotation":{"x":0.1857427954673767,"y":0.37889185547828677,"z":-0.0779145359992981,"w":0.9032565951347351},"size":-5.873600482940674,"orthographic":false}