{"cameraMode":{"drawMode":0,"name":"Shaded","section":"Shading Mode"},"sceneLighting":false,"audioPlay":false,"sceneViewState":{"showFog":true,"showMaterialUpdate":false,"showSkybox":false,"showFlares":true,"showImageEffects":true,"showParticleSystems":true},"in2DMode":false,"pivot":{"x":-29.107501983642579,"y":18.744586944580079,"z":-51.98057174682617},"rotation":{"x":-0.15236786007881165,"y":-0.35087502002716067,"z":0.05337360128760338,"w":-0.923007607460022},"size":11.734804153442383,"orthographic":false}