{"cameraMode":{"drawMode":0,"name":"Shaded","section":"Shading Mode"},"sceneLighting":true,"audioPlay":false,"sceneViewState":{"showFog":true,"showMaterialUpdate":false,"showSkybox":true,"showFlares":true,"showImageEffects":true,"showParticleSystems":true},"in2DMode":false,"pivot":{"x":-54.33881759643555,"y":37.02910232543945,"z":-31.005416870117189},"rotation":{"x":0.06303218007087708,"y":-0.4880375862121582,"z":0.03531628102064133,"w":0.8698911070823669},"size":8.698627471923829,"orthographic":false}