{"cameraMode":{"drawMode":0,"name":"Shaded","section":"Shading Mode"},"sceneLighting":false,"audioPlay":false,"sceneViewState":{"showFog":true,"showMaterialUpdate":false,"showSkybox":false,"showFlares":true,"showImageEffects":true,"showParticleSystems":true},"in2DMode":false,"pivot":{"x":2.874664306640625,"y":4.339533805847168,"z":-25.047943115234376},"rotation":{"x":-0.20496071875095368,"y":0.5401182174682617,"z":-0.14228703081607819,"w":-0.8044143915176392},"size":5.792194366455078,"orthographic":false}