{"cameraMode":{"drawMode":0,"name":"Shaded","section":"Shading Mode"},"sceneLighting":false,"audioPlay":false,"sceneViewState":{"showFog":true,"showMaterialUpdate":false,"showSkybox":false,"showFlares":true,"showImageEffects":true,"showParticleSystems":true},"in2DMode":false,"pivot":{"x":2.319999933242798,"y":3.630000114440918,"z":-20.940000534057618},"rotation":{"x":0.07734021544456482,"y":0.8394424915313721,"z":-0.11746654659509659,"w":0.525822103023529},"size":8.7098388671875,"orthographic":false}