{"cameraMode":{"drawMode":0,"name":"Shaded","section":"Shading Mode"},"sceneLighting":false,"audioPlay":false,"sceneViewState":{"showFog":true,"showMaterialUpdate":false,"showSkybox":false,"showFlares":true,"showImageEffects":true,"showParticleSystems":true},"in2DMode":false,"pivot":{"x":3.0601184368133547,"y":1.5626606941223145,"z":-1.6133290529251099},"rotation":{"x":0.11055877804756165,"y":0.7708358764648438,"z":-0.1393212080001831,"w":0.6117041707038879},"size":6.166090965270996,"orthographic":false}