{"cameraMode":{"drawMode":0,"name":"Shaded","section":"Shading Mode"},"sceneLighting":true,"audioPlay":false,"sceneViewState":{"showFog":true,"showMaterialUpdate":false,"showSkybox":true,"showFlares":true,"showImageEffects":true,"showParticleSystems":true},"in2DMode":false,"pivot":{"x":31.479297637939454,"y":-7.189159393310547,"z":-27.486677169799806},"rotation":{"x":-0.12540660798549653,"y":-0.8488567471504211,"z":0.2324707955121994,"w":-0.457916259765625},"size":14.462648391723633,"orthographic":false}